datetime;consommation
2025-04-08 00:00:00;184
2025-04-08 23:30:00;342
2025-04-08 23:00:00;410
2025-04-08 22:30:00;432
2025-04-08 22:00:00;298
2025-04-08 21:30:00;332
2025-04-08 21:00:00;222
2025-04-08 20:30:00;242
2025-04-08 20:00:00;1598
2025-04-08 19:30:00;1600
2025-04-08 19:00:00;428
2025-04-08 18:30:00;0
2025-04-08 18:00:00;0
2025-04-08 17:30:00;0
2025-04-08 17:00:00;0
2025-04-08 16:30:00;0
2025-04-08 16:00:00;0
2025-04-08 15:30:00;0
2025-04-08 15:00:00;0
2025-04-08 14:30:00;0
2025-04-08 14:00:00;0
2025-04-08 13:30:00;0
2025-04-08 13:00:00;0
2025-04-08 12:30:00;0
2025-04-08 12:00:00;0
2025-04-08 11:30:00;0
2025-04-08 11:00:00;50
2025-04-08 10:30:00;36
2025-04-08 10:00:00;28
2025-04-08 09:30:00;2
2025-04-08 09:00:00;66
2025-04-08 08:30:00;282
2025-04-08 08:00:00;134
2025-04-08 07:30:00;116
2025-04-08 07:00:00;166
2025-04-08 06:30:00;94
2025-04-08 06:00:00;168
2025-04-08 05:30:00;196
2025-04-08 05:00:00;100
2025-04-08 04:30:00;206
2025-04-08 04:00:00;98
2025-04-08 03:30:00;130
2025-04-08 03:00:00;202
2025-04-08 02:30:00;158
2025-04-08 02:00:00;144
2025-04-08 01:30:00;122
2025-04-08 01:00:00;198
2025-04-08 00:30:00;120
2025-04-07 00:00:00;204
2025-04-07 23:30:00;166
2025-04-07 23:00:00;332
2025-04-07 22:30:00;354
2025-04-07 22:00:00;1618
2025-04-07 21:30:00;1506
2025-04-07 21:00:00;218
2025-04-07 20:30:00;388
2025-04-07 20:00:00;548
2025-04-07 19:30:00;74
2025-04-07 19:00:00;0
2025-04-07 18:30:00;0
2025-04-07 18:00:00;0
2025-04-07 17:30:00;0
2025-04-07 17:00:00;0
2025-04-07 16:30:00;142
2025-04-07 16:00:00;208
2025-04-07 15:30:00;54
2025-04-07 15:00:00;0
2025-04-07 14:30:00;0
2025-04-07 14:00:00;6
2025-04-07 13:30:00;272
2025-04-07 13:00:00;294
2025-04-07 12:30:00;78
2025-04-07 12:00:00;216
2025-04-07 11:30:00;184
2025-04-07 11:00:00;46
2025-04-07 10:30:00;2082
2025-04-07 10:00:00;1050
2025-04-07 09:30:00;34
2025-04-07 09:00:00;224
2025-04-07 08:30:00;142
2025-04-07 08:00:00;170
2025-04-07 07:30:00;162
2025-04-07 07:00:00;70
2025-04-07 06:30:00;176
2025-04-07 06:00:00;210
2025-04-07 05:30:00;134
2025-04-07 05:00:00;146
2025-04-07 04:30:00;128
2025-04-07 04:00:00;178
2025-04-07 03:30:00;106
2025-04-07 03:00:00;206
2025-04-07 02:30:00;212
2025-04-07 02:00:00;94
2025-04-07 01:30:00;170
2025-04-07 01:00:00;122
2025-04-07 00:30:00;2078
2025-04-06 00:00:00;454
2025-04-06 23:30:00;114
2025-04-06 23:00:00;364
2025-04-06 22:30:00;322
2025-04-06 22:00:00;404
2025-04-06 21:30:00;304
2025-04-06 21:00:00;232
2025-04-06 20:30:00;126
2025-04-06 20:00:00;616
2025-04-06 19:30:00;0
2025-04-06 19:00:00;0
2025-04-06 18:30:00;0
2025-04-06 18:00:00;0
2025-04-06 17:30:00;0
2025-04-06 17:00:00;0
2025-04-06 16:30:00;0
2025-04-06 16:00:00;0
2025-04-06 15:30:00;0
2025-04-06 15:00:00;0
2025-04-06 14:30:00;0
2025-04-06 14:00:00;0
2025-04-06 13:30:00;0
2025-04-06 13:00:00;0
2025-04-06 12:30:00;0
2025-04-06 12:00:00;0
2025-04-06 11:30:00;0
2025-04-06 11:00:00;0
2025-04-06 10:30:00;0
2025-04-06 10:00:00;84
2025-04-06 09:30:00;458
2025-04-06 09:00:00;832
2025-04-06 08:30:00;926
2025-04-06 08:00:00;242
2025-04-06 07:30:00;188
2025-04-06 07:00:00;134
2025-04-06 06:30:00;272
2025-04-06 06:00:00;804
2025-04-06 05:30:00;214
2025-04-06 05:00:00;170
2025-04-06 04:30:00;90
2025-04-06 04:00:00;160
2025-04-06 03:30:00;168
2025-04-06 03:00:00;92
2025-04-06 02:30:00;254
2025-04-06 02:00:00;126
2025-04-06 01:30:00;118
2025-04-06 01:00:00;142
2025-04-06 00:30:00;1784
2025-04-05 00:00:00;416
2025-04-05 23:30:00;154
2025-04-05 23:00:00;186
2025-04-05 22:30:00;158
2025-04-05 22:00:00;152
2025-04-05 21:30:00;158
2025-04-05 21:00:00;120
2025-04-05 20:30:00;158
2025-04-05 20:00:00;102
2025-04-05 19:30:00;0
2025-04-05 19:00:00;0
2025-04-05 18:30:00;0
2025-04-05 18:00:00;0
2025-04-05 17:30:00;0
2025-04-05 17:00:00;0
2025-04-05 16:30:00;0
2025-04-05 16:00:00;0
2025-04-05 15:30:00;0
2025-04-05 15:00:00;0
2025-04-05 14:30:00;0
2025-04-05 14:00:00;0
2025-04-05 13:30:00;0
2025-04-05 13:00:00;0
2025-04-05 12:30:00;0
2025-04-05 12:00:00;0
2025-04-05 11:30:00;0
2025-04-05 11:00:00;0
2025-04-05 10:30:00;46
2025-04-05 10:00:00;262
2025-04-05 09:30:00;430
2025-04-05 09:00:00;154
2025-04-05 08:30:00;50
2025-04-05 08:00:00;196
2025-04-05 07:30:00;126
2025-04-05 07:00:00;316
2025-04-05 06:30:00;742
2025-04-05 06:00:00;778
2025-04-05 05:30:00;592
2025-04-05 05:00:00;108
2025-04-05 04:30:00;160
2025-04-05 04:00:00;156
2025-04-05 03:30:00;136
2025-04-05 03:00:00;196
2025-04-05 02:30:00;164
2025-04-05 02:00:00;160
2025-04-05 01:30:00;94
2025-04-05 01:00:00;134
2025-04-05 00:30:00;170
2025-04-04 00:00:00;188
2025-04-04 23:30:00;1758
2025-04-04 23:00:00;426
2025-04-04 22:30:00;168
2025-04-04 22:00:00;168
2025-04-04 21:30:00;112
2025-04-04 21:00:00;172
2025-04-04 20:30:00;126
2025-04-04 20:00:00;116
2025-04-04 19:30:00;50
2025-04-04 19:00:00;0
2025-04-04 18:30:00;12
2025-04-04 18:00:00;0
2025-04-04 17:30:00;0
2025-04-04 17:00:00;0
2025-04-04 16:30:00;0
2025-04-04 16:00:00;0
2025-04-04 15:30:00;0
2025-04-04 15:00:00;0
2025-04-04 14:30:00;0
2025-04-04 14:00:00;0
2025-04-04 13:30:00;0
2025-04-04 13:00:00;0
2025-04-04 12:30:00;0
2025-04-04 12:00:00;0
2025-04-04 11:30:00;0
2025-04-04 11:00:00;4
2025-04-04 10:30:00;144
2025-04-04 10:00:00;530
2025-04-04 09:30:00;580
2025-04-04 09:00:00;104
2025-04-04 08:30:00;84
2025-04-04 08:00:00;106
2025-04-04 07:30:00;132
2025-04-04 07:00:00;186
2025-04-04 06:30:00;674
2025-04-04 06:00:00;694
2025-04-04 05:30:00;144
2025-04-04 05:00:00;126
2025-04-04 04:30:00;104
2025-04-04 04:00:00;114
2025-04-04 03:30:00;194
2025-04-04 03:00:00;550
2025-04-04 02:30:00;888
2025-04-04 02:00:00;510
2025-04-04 01:30:00;88
2025-04-04 01:00:00;152
2025-04-04 00:30:00;116
2025-04-03 00:00:00;104
2025-04-03 23:30:00;464
2025-04-03 23:00:00;462
2025-04-03 22:30:00;150
2025-04-03 22:00:00;146
2025-04-03 21:30:00;1658
2025-04-03 21:00:00;570
2025-04-03 20:30:00;92
2025-04-03 20:00:00;230
2025-04-03 19:30:00;514
2025-04-03 19:00:00;134
2025-04-03 18:30:00;18
2025-04-03 18:00:00;0
2025-04-03 17:30:00;0
2025-04-03 17:00:00;0
2025-04-03 16:30:00;0
2025-04-03 16:00:00;20
2025-04-03 15:30:00;0
2025-04-03 15:00:00;0
2025-04-03 14:30:00;30
2025-04-03 14:00:00;2
2025-04-03 13:30:00;40
2025-04-03 13:00:00;294
2025-04-03 12:30:00;732
2025-04-03 12:00:00;376
2025-04-03 11:30:00;48
2025-04-03 11:00:00;18
2025-04-03 10:30:00;86
2025-04-03 10:00:00;32
2025-04-03 09:30:00;460
2025-04-03 09:00:00;916
2025-04-03 08:30:00;172
2025-04-03 08:00:00;148
2025-04-03 07:30:00;112
2025-04-03 07:00:00;132
2025-04-03 06:30:00;122
2025-04-03 06:00:00;394
2025-04-03 05:30:00;1012
2025-04-03 05:00:00;996
2025-04-03 04:30:00;1058
2025-04-03 04:00:00;492
2025-04-03 03:30:00;112
2025-04-03 03:00:00;110
2025-04-03 02:30:00;178
2025-04-03 02:00:00;244
2025-04-03 01:30:00;80
2025-04-03 01:00:00;140
2025-04-03 00:30:00;178
2025-04-02 00:00:00;52
2025-04-02 23:30:00;168
2025-04-02 23:00:00;194
2025-04-02 22:30:00;124
2025-04-02 22:00:00;218
2025-04-02 21:30:00;116
2025-04-02 21:00:00;120
2025-04-02 20:30:00;1192
2025-04-02 20:00:00;1224
2025-04-02 19:30:00;172
2025-04-02 19:00:00;106
2025-04-02 18:30:00;24
2025-04-02 18:00:00;0
2025-04-02 17:30:00;0
2025-04-02 17:00:00;0
2025-04-02 16:30:00;0
2025-04-02 16:00:00;0
2025-04-02 15:30:00;0
2025-04-02 15:00:00;0
2025-04-02 14:30:00;0
2025-04-02 14:00:00;0
2025-04-02 13:30:00;0
2025-04-02 13:00:00;0
2025-04-02 12:30:00;26
2025-04-02 12:00:00;0
2025-04-02 11:30:00;0
2025-04-02 11:00:00;0
2025-04-02 10:30:00;28
2025-04-02 10:00:00;168
2025-04-02 09:30:00;1136
2025-04-02 09:00:00;1410
2025-04-02 08:30:00;240
2025-04-02 08:00:00;232
2025-04-02 07:30:00;78
2025-04-02 07:00:00;198
2025-04-02 06:30:00;150
2025-04-02 06:00:00;184
2025-04-02 05:30:00;172
2025-04-02 05:00:00;118
2025-04-02 04:30:00;128
2025-04-02 04:00:00;182
2025-04-02 03:30:00;100
2025-04-02 03:00:00;162
2025-04-02 02:30:00;266
2025-04-02 02:00:00;84
2025-04-02 01:30:00;178
2025-04-02 01:00:00;150
2025-04-02 00:30:00;820
2025-04-01 00:00:00;450
2025-04-01 23:30:00;380
2025-04-01 23:00:00;414
2025-04-01 22:30:00;384
2025-04-01 22:00:00;378
2025-04-01 21:30:00;408
2025-04-01 21:00:00;136
2025-04-01 20:30:00;178
2025-04-01 20:00:00;146
2025-04-01 19:30:00;2
2025-04-01 19:00:00;0
2025-04-01 18:30:00;0
2025-04-01 18:00:00;0
2025-04-01 17:30:00;178
2025-04-01 17:00:00;202
2025-04-01 16:30:00;0
2025-04-01 16:00:00;0
2025-04-01 15:30:00;0
2025-04-01 15:00:00;0
2025-04-01 14:30:00;0
2025-04-01 14:00:00;96
2025-04-01 13:30:00;0
2025-04-01 13:00:00;0
2025-04-01 12:30:00;12
2025-04-01 12:00:00;0
2025-04-01 11:30:00;74
2025-04-01 11:00:00;302
2025-04-01 10:30:00;18
2025-04-01 10:00:00;286
2025-04-01 09:30:00;1108
2025-04-01 09:00:00;1304
2025-04-01 08:30:00;1224
2025-04-01 08:00:00;544
2025-04-01 07:30:00;152
2025-04-01 07:00:00;96
2025-04-01 06:30:00;182
2025-04-01 06:00:00;136
2025-04-01 05:30:00;208
2025-04-01 05:00:00;118
2025-04-01 04:30:00;86
2025-04-01 04:00:00;168
2025-04-01 03:30:00;132
2025-04-01 03:00:00;160
2025-04-01 02:30:00;158
2025-04-01 02:00:00;212
2025-04-01 01:30:00;116
2025-04-01 01:00:00;104
2025-04-01 00:30:00;220
2025-03-31 00:00:00;100
2025-03-31 23:30:00;320
2025-03-31 23:00:00;440
2025-03-31 22:30:00;322
2025-03-31 22:00:00;310
2025-03-31 21:30:00;1266
2025-03-31 21:00:00;1274
2025-03-31 20:30:00;120
2025-03-31 20:00:00;260
2025-03-31 19:30:00;108
2025-03-31 19:00:00;0
2025-03-31 18:30:00;0
2025-03-31 18:00:00;0
2025-03-31 17:30:00;0
2025-03-31 17:00:00;0
2025-03-31 16:30:00;0
2025-03-31 16:00:00;0
2025-03-31 15:30:00;0
2025-03-31 15:00:00;0
2025-03-31 14:30:00;0
2025-03-31 14:00:00;0
2025-03-31 13:30:00;0
2025-03-31 13:00:00;0
2025-03-31 12:30:00;0
2025-03-31 12:00:00;0
2025-03-31 11:30:00;0
2025-03-31 11:00:00;0
2025-03-31 10:30:00;18
2025-03-31 10:00:00;20
2025-03-31 09:30:00;778
2025-03-31 09:00:00;1406
2025-03-31 08:30:00;1788
2025-03-31 08:00:00;1950
2025-03-31 07:30:00;894
2025-03-31 07:00:00;104
2025-03-31 06:30:00;158
2025-03-31 06:00:00;154
2025-03-31 05:30:00;154
2025-03-31 05:00:00;172
2025-03-31 04:30:00;90
2025-03-31 04:00:00;138
2025-03-31 03:30:00;128
2025-03-31 03:00:00;106
2025-03-31 02:30:00;180
2025-03-31 02:00:00;178
2025-03-31 01:30:00;158
2025-03-31 01:00:00;126
2025-03-31 00:30:00;990
2025-03-30 00:00:00;396
2025-03-30 23:30:00;118
2025-03-30 23:00:00;350
2025-03-30 22:30:00;388
2025-03-30 22:00:00;316
2025-03-30 21:30:00;340
2025-03-30 21:00:00;172
2025-03-30 20:30:00;130
2025-03-30 20:00:00;76
2025-03-30 19:30:00;0
2025-03-30 19:00:00;0
2025-03-30 18:30:00;0
2025-03-30 18:00:00;0
2025-03-30 17:30:00;0
2025-03-30 17:00:00;0
2025-03-30 16:30:00;280
2025-03-30 16:00:00;0
2025-03-30 15:30:00;8
2025-03-30 15:00:00;276
2025-03-30 14:30:00;528
2025-03-30 14:00:00;60
2025-03-30 13:30:00;154
2025-03-30 13:00:00;1248
2025-03-30 12:30:00;196
2025-03-30 12:00:00;0
2025-03-30 11:30:00;0
2025-03-30 11:00:00;0
2025-03-30 10:43:02;100
2025-03-30 10:30:00;54
2025-03-30 10:00:00;16
2025-03-30 09:30:00;160
2025-03-30 09:00:00;70
2025-03-30 08:30:00;94
2025-03-30 08:00:00;138
2025-03-30 07:30:00;174
2025-03-30 07:00:00;172
2025-03-30 06:30:00;100
2025-03-30 06:00:00;148
2025-03-30 05:30:00;152
2025-03-30 05:00:00;88
2025-03-30 04:30:00;140
2025-03-30 04:00:00;226
2025-03-30 03:30:00;120
2025-03-30 03:00:00;134
2025-03-30 01:30:00;118
2025-03-30 01:00:00;112
2025-03-30 00:30:00;150
2025-03-29 00:00:00;236
2025-03-29 23:30:00;400
2025-03-29 23:00:00;364
2025-03-29 22:30:00;358
2025-03-29 22:00:00;440
2025-03-29 21:30:00;306
2025-03-29 21:00:00;344
2025-03-29 20:30:00;2710
2025-03-29 20:00:00;2890
2025-03-29 19:30:00;828
2025-03-29 19:00:00;54
2025-03-29 18:30:00;132
2025-03-29 18:00:00;0
2025-03-29 17:30:00;78
2025-03-29 17:00:00;0
2025-03-29 16:30:00;0
2025-03-29 16:00:00;0
2025-03-29 15:30:00;262
2025-03-29 15:00:00;960
2025-03-29 14:30:00;202
2025-03-29 14:00:00;0
2025-03-29 13:30:00;0
2025-03-29 13:00:00;320
2025-03-29 12:30:00;412
2025-03-29 12:00:00;56
2025-03-29 11:30:00;8
2025-03-29 11:00:00;0
2025-03-29 10:30:00;110
2025-03-29 10:00:00;494
2025-03-29 09:30:00;34
2025-03-29 09:00:00;352
2025-03-29 08:30:00;184
2025-03-29 08:00:00;72
2025-03-29 07:30:00;110
2025-03-29 07:00:00;116
2025-03-29 06:30:00;152
2025-03-29 06:00:00;606
2025-03-29 05:30:00;1092
2025-03-29 05:00:00;1060
2025-03-29 04:30:00;1034
2025-03-29 04:00:00;986
2025-03-29 03:30:00;896
2025-03-29 03:00:00;944
2025-03-29 02:30:00;1086
2025-03-29 02:00:00;1594
2025-03-29 01:30:00;490
2025-03-29 01:00:00;76
2025-03-29 00:30:00;166
2025-03-28 00:00:00;110
2025-03-28 23:30:00;268
2025-03-28 23:00:00;440
2025-03-28 22:30:00;348
2025-03-28 22:00:00;346
2025-03-28 21:30:00;276
2025-03-28 21:00:00;1818
2025-03-28 20:30:00;2302
2025-03-28 20:00:00;118
2025-03-28 19:30:00;206
2025-03-28 19:00:00;170
2025-03-28 18:30:00;0
2025-03-28 18:00:00;0
2025-03-28 17:30:00;0
2025-03-28 17:00:00;0
2025-03-28 16:30:00;0
2025-03-28 16:00:00;0
2025-03-28 15:30:00;0
2025-03-28 15:00:00;6
2025-03-28 14:30:00;126
2025-03-28 14:00:00;8
2025-03-28 13:30:00;0
2025-03-28 13:00:00;132
2025-03-28 12:30:00;758
2025-03-28 12:00:00;464
2025-03-28 11:30:00;20
2025-03-28 11:00:00;214
2025-03-28 10:30:00;14
2025-03-28 10:00:00;0
2025-03-28 09:30:00;0
2025-03-28 09:00:00;26
2025-03-28 08:30:00;28
2025-03-28 08:00:00;224
2025-03-28 07:30:00;82
2025-03-28 07:00:00;114
2025-03-28 06:30:00;236
2025-03-28 06:00:00;1064
2025-03-28 05:30:00;1234
2025-03-28 05:00:00;820
2025-03-28 04:30:00;152
2025-03-28 04:00:00;142
2025-03-28 03:30:00;88
2025-03-28 03:00:00;128
2025-03-28 02:30:00;260
2025-03-28 02:00:00;90
2025-03-28 01:30:00;130
2025-03-28 01:00:00;204
2025-03-28 00:30:00;106
2025-03-27 00:00:00;132
2025-03-27 23:30:00;968
2025-03-27 23:00:00;546
2025-03-27 22:30:00;386
2025-03-27 22:00:00;344
2025-03-27 21:30:00;370
2025-03-27 21:00:00;322
2025-03-27 20:56:04;990
2025-03-27 20:30:00;376
2025-03-27 20:00:00;358
2025-03-27 19:30:00;122
2025-03-27 19:00:00;72
2025-03-27 18:30:00;20
2025-03-27 18:00:00;0
2025-03-27 17:30:00;0
2025-03-27 17:00:00;0
2025-03-27 16:30:00;314
2025-03-27 16:00:00;190
2025-03-27 15:30:00;0
2025-03-27 15:00:00;0
2025-03-27 14:30:00;0
2025-03-27 14:00:00;378
2025-03-27 13:30:00;0
2025-03-27 13:00:00;0
2025-03-27 12:30:00;1126
2025-03-27 12:00:00;84
2025-03-27 11:30:00;290
2025-03-27 11:00:00;738
2025-03-27 10:30:00;64
2025-03-27 10:00:00;416
2025-03-27 09:30:00;696
2025-03-27 09:00:00;224
2025-03-27 08:30:00;148
