datetime;consommation;production;total
2025-03-27 00:00:00;132.0;0.0;132.0
2025-03-27 00:30:00;0.0;0.0;0.0
2025-03-27 01:00:00;0.0;0.0;0.0
2025-03-27 01:30:00;0.0;0.0;0.0
2025-03-27 02:00:00;0.0;0.0;0.0
2025-03-27 02:30:00;0.0;0.0;0.0
2025-03-27 03:00:00;0.0;0.0;0.0
2025-03-27 03:30:00;0.0;0.0;0.0
2025-03-27 04:00:00;0.0;0.0;0.0
2025-03-27 04:30:00;0.0;0.0;0.0
2025-03-27 05:00:00;0.0;0.0;0.0
2025-03-27 05:30:00;0.0;0.0;0.0
2025-03-27 06:00:00;0.0;0.0;0.0
2025-03-27 06:30:00;0.0;0.0;0.0
2025-03-27 07:00:00;0.0;15.0;0.0
2025-03-27 07:30:00;0.0;60.5;0.0
2025-03-27 08:00:00;0.0;96.0;0.0
2025-03-27 08:30:00;148.0;220.5;368.5
2025-03-27 09:00:00;224.0;351.5;575.5
2025-03-27 09:30:00;696.0;604.0;1300.0
2025-03-27 10:00:00;416.0;1414.0;1830.0
2025-03-27 10:30:00;64.0;1516.0;1580.0
2025-03-27 11:00:00;738.0;1680.0;2418.0
2025-03-27 11:30:00;290.0;1394.0;1684.0
2025-03-27 12:00:00;84.0;1253.5;1337.5
2025-03-27 12:30:00;1126.0;2026.0;3152.0
2025-03-27 13:00:00;0.0;1930.5;0.0
2025-03-27 13:30:00;0.0;1945.5;0.0
2025-03-27 14:00:00;378.0;1885.0;2263.0
2025-03-27 14:30:00;0.0;1817.0;0.0
2025-03-27 15:00:00;0.0;1668.0;0.0
2025-03-27 15:30:00;0.0;1537.5;0.0
2025-03-27 16:00:00;190.0;1353.5;1543.5
2025-03-27 16:30:00;314.0;1142.0;1456.0
2025-03-27 17:00:00;0.0;907.5;0.0
2025-03-27 17:30:00;0.0;651.0;0.0
2025-03-27 18:00:00;0.0;378.5;0.0
2025-03-27 18:30:00;20.0;146.0;166.0
2025-03-27 19:00:00;72.0;36.0;108.0
2025-03-27 19:30:00;122.0;1.5;123.5
2025-03-27 20:00:00;358.0;0.0;358.0
2025-03-27 20:30:00;376.0;0.0;376.0
2025-03-27 21:00:00;322.0;0.0;322.0
2025-03-27 21:30:00;370.0;0.0;370.0
2025-03-27 22:00:00;344.0;0.0;344.0
2025-03-27 22:30:00;386.0;0.0;386.0
2025-03-27 23:00:00;546.0;0.0;546.0
2025-03-27 23:30:00;968.0;0.0;968.0
2025-03-28 00:00:00;110.0;0.0;110.0
2025-03-28 00:30:00;106.0;0.0;106.0
2025-03-28 01:00:00;204.0;0.0;204.0
2025-03-28 01:30:00;130.0;0.0;130.0
2025-03-28 02:00:00;90.0;0.0;90.0
2025-03-28 02:30:00;260.0;0.0;260.0
2025-03-28 03:00:00;128.0;0.0;128.0
2025-03-28 03:30:00;88.0;0.0;88.0
2025-03-28 04:00:00;142.0;0.0;142.0
2025-03-28 04:30:00;152.0;0.0;152.0
2025-03-28 05:00:00;820.0;0.0;820.0
2025-03-28 05:30:00;1234.0;0.0;1234.0
2025-03-28 06:00:00;1064.0;0.0;1064.0
2025-03-28 06:30:00;236.0;0.0;236.0
2025-03-28 07:00:00;114.0;20.5;134.5
2025-03-28 07:30:00;82.0;68.5;150.5
2025-03-28 08:00:00;224.0;139.0;363.0
2025-03-28 08:30:00;28.0;211.5;239.5
2025-03-28 09:00:00;26.0;480.5;506.5
2025-03-28 09:30:00;0.0;473.5;0.0
2025-03-28 10:00:00;0.0;393.5;0.0
2025-03-28 10:30:00;14.0;285.0;299.0
2025-03-28 11:00:00;214.0;289.5;503.5
2025-03-28 11:30:00;20.0;174.0;194.0
2025-03-28 12:00:00;464.0;162.5;626.5
2025-03-28 12:30:00;758.0;214.5;972.5
2025-03-28 13:00:00;132.0;756.0;888.0
2025-03-28 13:30:00;0.0;480.0;0.0
2025-03-28 14:00:00;8.0;316.5;324.5
2025-03-28 14:30:00;126.0;390.5;516.5
2025-03-28 15:00:00;6.0;1466.0;1472.0
2025-03-28 15:30:00;0.0;641.0;0.0
2025-03-28 16:00:00;0.0;869.5;0.0
2025-03-28 16:30:00;0.0;832.5;0.0
2025-03-28 17:00:00;0.0;1112.0;0.0
2025-03-28 17:30:00;0.0;738.0;0.0
2025-03-28 18:00:00;0.0;383.5;0.0
2025-03-28 18:30:00;0.0;211.0;0.0
2025-03-28 19:00:00;170.0;33.0;203.0
2025-03-28 19:30:00;206.0;3.0;209.0
2025-03-28 20:00:00;118.0;0.0;118.0
2025-03-28 20:30:00;2302.0;0.0;2302.0
2025-03-28 21:00:00;1818.0;0.0;1818.0
2025-03-28 21:30:00;276.0;0.0;276.0
2025-03-28 22:00:00;346.0;0.0;346.0
2025-03-28 22:30:00;348.0;0.0;348.0
2025-03-28 23:00:00;440.0;0.0;440.0
2025-03-28 23:30:00;268.0;0.0;268.0
2025-03-29 00:00:00;236.0;0.0;236.0
2025-03-29 00:30:00;166.0;0.0;166.0
2025-03-29 01:00:00;76.0;0.0;76.0
2025-03-29 01:30:00;490.0;0.0;490.0
2025-03-29 02:00:00;1594.0;0.0;1594.0
2025-03-29 02:30:00;1086.0;0.0;1086.0
2025-03-29 03:00:00;944.0;0.0;944.0
2025-03-29 03:30:00;896.0;0.0;896.0
2025-03-29 04:00:00;986.0;0.0;986.0
2025-03-29 04:30:00;1034.0;0.0;1034.0
2025-03-29 05:00:00;1060.0;0.0;1060.0
2025-03-29 05:30:00;1092.0;0.0;1092.0
2025-03-29 06:00:00;606.0;0.0;606.0
2025-03-29 06:30:00;152.0;0.0;152.0
2025-03-29 07:00:00;116.0;22.5;138.5
2025-03-29 07:30:00;110.0;60.5;170.5
2025-03-29 08:00:00;72.0;141.0;213.0
2025-03-29 08:30:00;184.0;136.0;320.0
2025-03-29 09:00:00;352.0;157.5;509.5
2025-03-29 09:30:00;34.0;641.0;675.0
2025-03-29 10:00:00;494.0;1378.0;1872.0
2025-03-29 10:30:00;110.0;1210.5;1320.5
2025-03-29 11:00:00;0.0;1133.0;0.0
2025-03-29 11:30:00;8.0;1584.0;1592.0
2025-03-29 12:00:00;56.0;1641.0;1697.0
2025-03-29 12:30:00;412.0;1313.5;1725.5
2025-03-29 13:00:00;320.0;1519.0;1839.0
2025-03-29 13:30:00;0.0;2146.0;0.0
2025-03-29 14:00:00;0.0;1872.0;0.0
2025-03-29 14:30:00;202.0;1213.5;1415.5
2025-03-29 15:00:00;960.0;1730.0;2690.0
2025-03-29 15:30:00;262.0;1457.0;1719.0
2025-03-29 16:00:00;0.0;1414.0;0.0
2025-03-29 16:30:00;0.0;1164.0;0.0
2025-03-29 17:00:00;0.0;173.0;0.0
2025-03-29 17:30:00;78.0;440.5;518.5
2025-03-29 18:00:00;0.0;308.5;0.0
2025-03-29 18:30:00;132.0;116.5;248.5
2025-03-29 19:00:00;54.0;41.5;95.5
2025-03-29 19:30:00;828.0;1.5;829.5
2025-03-29 20:00:00;2890.0;0.0;2890.0
2025-03-29 20:30:00;2710.0;0.0;2710.0
2025-03-29 21:00:00;344.0;0.0;344.0
2025-03-29 21:30:00;306.0;0.0;306.0
2025-03-29 22:00:00;440.0;0.0;440.0
2025-03-29 22:30:00;358.0;0.0;358.0
2025-03-29 23:00:00;364.0;0.0;364.0
2025-03-29 23:30:00;400.0;0.0;400.0
2025-03-30 00:00:00;396.0;0.0;396.0
2025-03-30 00:30:00;150.0;0.0;150.0
2025-03-30 01:00:00;112.0;0.0;112.0
2025-03-30 01:30:00;118.0;0.0;118.0
2025-03-30 02:00:00;0.0;0.0;0.0
2025-03-30 02:30:00;0.0;0.0;0.0
2025-03-30 03:00:00;134.0;0.0;134.0
2025-03-30 03:30:00;120.0;0.0;120.0
2025-03-30 04:00:00;226.0;0.0;226.0
2025-03-30 04:30:00;140.0;0.0;140.0
2025-03-30 05:00:00;88.0;0.0;88.0
2025-03-30 05:30:00;152.0;0.0;152.0
2025-03-30 06:00:00;148.0;0.0;148.0
2025-03-30 06:30:00;100.0;0.0;100.0
2025-03-30 07:00:00;172.0;0.0;172.0
2025-03-30 07:30:00;174.0;0.0;174.0
2025-03-30 08:00:00;138.0;14.0;152.0
2025-03-30 08:30:00;94.0;66.0;160.0
2025-03-30 09:00:00;70.0;150.0;220.0
2025-03-30 09:30:00;160.0;248.5;408.5
2025-03-30 10:00:00;16.0;249.0;265.0
2025-03-30 10:30:00;54.0;350.5;404.5
2025-03-30 11:00:00;0.0;342.5;0.0
2025-03-30 11:30:00;0.0;353.5;0.0
2025-03-30 12:00:00;0.0;344.5;0.0
2025-03-30 12:30:00;196.0;508.0;704.0
2025-03-30 13:00:00;1248.0;1447.5;2695.5
2025-03-30 13:30:00;154.0;740.0;894.0
2025-03-30 14:00:00;60.0;1364.0;1424.0
2025-03-30 14:30:00;528.0;1919.0;2447.0
2025-03-30 15:00:00;276.0;1874.0;2150.0
2025-03-30 15:30:00;8.0;1799.0;1807.0
2025-03-30 16:00:00;0.0;1667.0;0.0
2025-03-30 16:30:00;280.0;1529.5;1809.5
2025-03-30 17:00:00;0.0;1346.0;0.0
2025-03-30 17:30:00;0.0;1142.0;0.0
2025-03-30 18:00:00;0.0;903.5;0.0
2025-03-30 18:30:00;0.0;642.0;0.0
2025-03-30 19:00:00;0.0;384.0;0.0
2025-03-30 19:30:00;0.0;157.5;0.0
2025-03-30 20:00:00;76.0;43.5;119.5
2025-03-30 20:30:00;130.0;5.0;135.0
2025-03-30 21:00:00;172.0;0.0;172.0
2025-03-30 21:30:00;340.0;0.0;340.0
2025-03-30 22:00:00;316.0;0.0;316.0
2025-03-30 22:30:00;388.0;0.0;388.0
2025-03-30 23:00:00;350.0;0.0;350.0
2025-03-30 23:30:00;118.0;0.0;118.0
2025-03-31 00:00:00;100.0;0.0;100.0
2025-03-31 00:30:00;990.0;0.0;990.0
2025-03-31 01:00:00;126.0;0.0;126.0
2025-03-31 01:30:00;158.0;0.0;158.0
2025-03-31 02:00:00;178.0;0.0;178.0
2025-03-31 02:30:00;180.0;0.0;180.0
2025-03-31 03:00:00;106.0;0.0;106.0
2025-03-31 03:30:00;128.0;0.0;128.0
2025-03-31 04:00:00;138.0;0.0;138.0
2025-03-31 04:30:00;90.0;0.0;90.0
2025-03-31 05:00:00;172.0;0.0;172.0
2025-03-31 05:30:00;154.0;0.0;154.0
2025-03-31 06:00:00;154.0;0.0;154.0
2025-03-31 06:30:00;158.0;0.0;158.0
2025-03-31 07:00:00;104.0;0.0;104.0
2025-03-31 07:30:00;894.0;2.0;896.0
2025-03-31 08:00:00;1950.0;30.0;1980.0
2025-03-31 08:30:00;1788.0;73.0;1861.0
2025-03-31 09:00:00;1406.0;152.0;1558.0
2025-03-31 09:30:00;778.0;180.5;958.5
2025-03-31 10:00:00;20.0;239.0;259.0
2025-03-31 10:30:00;18.0;343.0;361.0
2025-03-31 11:00:00;0.0;628.5;0.0
2025-03-31 11:30:00;0.0;680.0;0.0
2025-03-31 12:00:00;0.0;1837.5;0.0
2025-03-31 12:30:00;0.0;1835.5;0.0
2025-03-31 13:00:00;0.0;1900.5;0.0
2025-03-31 13:30:00;0.0;1945.5;0.0
2025-03-31 14:00:00;0.0;1947.0;0.0
2025-03-31 14:30:00;0.0;1192.0;0.0
2025-03-31 15:00:00;0.0;1974.5;0.0
2025-03-31 15:30:00;0.0;1802.0;0.0
2025-03-31 16:00:00;0.0;1691.5;0.0
2025-03-31 16:30:00;0.0;1530.5;0.0
2025-03-31 17:00:00;0.0;1349.5;0.0
2025-03-31 17:30:00;0.0;1132.0;0.0
2025-03-31 18:00:00;0.0;900.5;0.0
2025-03-31 18:30:00;0.0;639.5;0.0
2025-03-31 19:00:00;0.0;371.5;0.0
2025-03-31 19:30:00;108.0;156.0;264.0
2025-03-31 20:00:00;260.0;45.5;305.5
2025-03-31 20:30:00;120.0;5.0;125.0
2025-03-31 21:00:00;1274.0;0.0;1274.0
2025-03-31 21:30:00;1266.0;0.0;1266.0
2025-03-31 22:00:00;310.0;0.0;310.0
2025-03-31 22:30:00;322.0;0.0;322.0
2025-03-31 23:00:00;440.0;0.0;440.0
2025-03-31 23:30:00;320.0;0.0;320.0
2025-04-01 00:00:00;450.0;0.0;450.0
2025-04-01 00:30:00;220.0;0.0;220.0
2025-04-01 01:00:00;104.0;0.0;104.0
2025-04-01 01:30:00;116.0;0.0;116.0
2025-04-01 02:00:00;212.0;0.0;212.0
2025-04-01 02:30:00;158.0;0.0;158.0
2025-04-01 03:00:00;160.0;0.0;160.0
2025-04-01 03:30:00;132.0;0.0;132.0
2025-04-01 04:00:00;168.0;0.0;168.0
2025-04-01 04:30:00;86.0;0.0;86.0
2025-04-01 05:00:00;118.0;0.0;118.0
2025-04-01 05:30:00;208.0;0.0;208.0
2025-04-01 06:00:00;136.0;0.0;136.0
2025-04-01 06:30:00;182.0;0.0;182.0
2025-04-01 07:00:00;96.0;0.0;96.0
2025-04-01 07:30:00;152.0;2.5;154.5
2025-04-01 08:00:00;544.0;28.5;572.5
2025-04-01 08:30:00;1224.0;62.5;1286.5
2025-04-01 09:00:00;1304.0;150.0;1454.0
2025-04-01 09:30:00;1108.0;148.5;1256.5
2025-04-01 10:00:00;286.0;152.5;438.5
2025-04-01 10:30:00;18.0;690.0;708.0
2025-04-01 11:00:00;302.0;1412.0;1714.0
2025-04-01 11:30:00;74.0;1605.5;1679.5
2025-04-01 12:00:00;0.0;1759.5;0.0
2025-04-01 12:30:00;12.0;1881.0;1893.0
2025-04-01 13:00:00;0.0;1947.0;0.0
2025-04-01 13:30:00;0.0;1976.5;0.0
2025-04-01 14:00:00;96.0;1996.5;2092.5
2025-04-01 14:30:00;0.0;1986.0;0.0
2025-04-01 15:00:00;0.0;1948.0;0.0
2025-04-01 15:30:00;0.0;1851.5;0.0
2025-04-01 16:00:00;0.0;1731.0;0.0
2025-04-01 16:30:00;0.0;1587.0;0.0
2025-04-01 17:00:00;202.0;1401.5;1603.5
2025-04-01 17:30:00;178.0;1184.0;1362.0
2025-04-01 18:00:00;0.0;949.5;0.0
2025-04-01 18:30:00;0.0;671.5;0.0
2025-04-01 19:00:00;0.0;399.0;0.0
2025-04-01 19:30:00;2.0;165.0;167.0
2025-04-01 20:00:00;146.0;47.5;193.5
2025-04-01 20:30:00;178.0;6.5;184.5
2025-04-01 21:00:00;136.0;0.0;136.0
2025-04-01 21:30:00;408.0;0.0;408.0
2025-04-01 22:00:00;378.0;0.0;378.0
2025-04-01 22:30:00;384.0;0.0;384.0
2025-04-01 23:00:00;414.0;0.0;414.0
2025-04-01 23:30:00;380.0;0.0;380.0
2025-04-02 00:00:00;52.0;0.0;52.0
2025-04-02 00:30:00;820.0;0.0;820.0
2025-04-02 01:00:00;150.0;0.0;150.0
2025-04-02 01:30:00;178.0;0.0;178.0
2025-04-02 02:00:00;84.0;0.0;84.0
2025-04-02 02:30:00;266.0;0.0;266.0
2025-04-02 03:00:00;162.0;0.0;162.0
2025-04-02 03:30:00;100.0;0.0;100.0
2025-04-02 04:00:00;182.0;0.0;182.0
2025-04-02 04:30:00;128.0;0.0;128.0
2025-04-02 05:00:00;118.0;0.0;118.0
2025-04-02 05:30:00;172.0;0.0;172.0
2025-04-02 06:00:00;184.0;0.0;184.0
2025-04-02 06:30:00;150.0;0.0;150.0
2025-04-02 07:00:00;198.0;0.0;198.0
2025-04-02 07:30:00;78.0;0.0;78.0
2025-04-02 08:00:00;232.0;32.0;264.0
2025-04-02 08:30:00;240.0;68.0;308.0
2025-04-02 09:00:00;1410.0;157.0;1567.0
2025-04-02 09:30:00;1136.0;167.0;1303.0
2025-04-02 10:00:00;168.0;161.0;329.0
2025-04-02 10:30:00;28.0;707.0;735.0
2025-04-02 11:00:00;0.0;1382.0;0.0
2025-04-02 11:30:00;0.0;1559.5;0.0
2025-04-02 12:00:00;0.0;1702.5;0.0
2025-04-02 12:30:00;26.0;1829.5;1855.5
2025-04-02 13:00:00;0.0;1891.0;0.0
2025-04-02 13:30:00;0.0;1949.0;0.0
2025-04-02 14:00:00;0.0;1971.5;0.0
2025-04-02 14:30:00;0.0;1940.0;0.0
2025-04-02 15:00:00;0.0;1887.0;0.0
2025-04-02 15:30:00;0.0;1796.5;0.0
2025-04-02 16:00:00;0.0;1718.0;0.0
2025-04-02 16:30:00;0.0;1050.5;0.0
2025-04-02 17:00:00;0.0;1033.0;0.0
2025-04-02 17:30:00;0.0;846.5;0.0
2025-04-02 18:00:00;0.0;253.0;0.0
2025-04-02 18:30:00;24.0;73.0;97.0
2025-04-02 19:00:00;106.0;61.5;167.5
2025-04-02 19:30:00;172.0;91.0;263.0
2025-04-02 20:00:00;1224.0;16.5;1240.5
2025-04-02 20:30:00;1192.0;0.0;1192.0
2025-04-02 21:00:00;120.0;0.0;120.0
2025-04-02 21:30:00;116.0;0.0;116.0
2025-04-02 22:00:00;218.0;0.0;218.0
2025-04-02 22:30:00;124.0;0.0;124.0
2025-04-02 23:00:00;194.0;0.0;194.0
2025-04-02 23:30:00;168.0;0.0;168.0
2025-04-03 00:00:00;104.0;0.0;104.0
2025-04-03 00:30:00;178.0;0.0;178.0
2025-04-03 01:00:00;140.0;0.0;140.0
2025-04-03 01:30:00;80.0;0.0;80.0
2025-04-03 02:00:00;244.0;0.0;244.0
2025-04-03 02:30:00;178.0;0.0;178.0
2025-04-03 03:00:00;110.0;0.0;110.0
2025-04-03 03:30:00;112.0;0.0;112.0
2025-04-03 04:00:00;492.0;0.0;492.0
2025-04-03 04:30:00;1058.0;0.0;1058.0
2025-04-03 05:00:00;996.0;0.0;996.0
2025-04-03 05:30:00;1012.0;0.0;1012.0
2025-04-03 06:00:00;394.0;0.0;394.0
2025-04-03 06:30:00;122.0;0.0;122.0
2025-04-03 07:00:00;132.0;0.0;132.0
2025-04-03 07:30:00;112.0;2.5;114.5
2025-04-03 08:00:00;148.0;17.0;165.0
2025-04-03 08:30:00;172.0;31.5;203.5
2025-04-03 09:00:00;916.0;32.0;948.0
2025-04-03 09:30:00;460.0;84.0;544.0
2025-04-03 10:00:00;32.0;109.5;141.5
2025-04-03 10:30:00;86.0;85.0;171.0
2025-04-03 11:00:00;18.0;88.5;106.5
2025-04-03 11:30:00;48.0;142.5;190.5
2025-04-03 12:00:00;376.0;150.0;526.0
2025-04-03 12:30:00;732.0;184.0;916.0
2025-04-03 13:00:00;294.0;192.5;486.5
2025-04-03 13:30:00;40.0;158.5;198.5
2025-04-03 14:00:00;2.0;179.5;181.5
2025-04-03 14:30:00;30.0;200.5;230.5
2025-04-03 15:00:00;0.0;356.0;0.0
2025-04-03 15:30:00;0.0;391.5;0.0
2025-04-03 16:00:00;20.0;433.0;453.0
2025-04-03 16:30:00;0.0;359.5;0.0
2025-04-03 17:00:00;0.0;309.5;0.0
2025-04-03 17:30:00;0.0;368.5;0.0
2025-04-03 18:00:00;0.0;255.0;0.0
2025-04-03 18:30:00;18.0;318.5;336.5
2025-04-03 19:00:00;134.0;163.0;297.0
2025-04-03 19:30:00;514.0;126.0;640.0
2025-04-03 20:00:00;230.0;25.5;255.5
2025-04-03 20:30:00;92.0;4.5;96.5
2025-04-03 21:00:00;570.0;0.0;570.0
2025-04-03 21:30:00;1658.0;0.0;1658.0
2025-04-03 22:00:00;146.0;0.0;146.0
2025-04-03 22:30:00;150.0;0.0;150.0
2025-04-03 23:00:00;462.0;0.0;462.0
2025-04-03 23:30:00;464.0;0.0;464.0
2025-04-04 00:00:00;188.0;0.0;188.0
2025-04-04 00:30:00;116.0;0.0;116.0
2025-04-04 01:00:00;152.0;0.0;152.0
2025-04-04 01:30:00;88.0;0.0;88.0
2025-04-04 02:00:00;510.0;0.0;510.0
2025-04-04 02:30:00;888.0;0.0;888.0
2025-04-04 03:00:00;550.0;0.0;550.0
2025-04-04 03:30:00;194.0;0.0;194.0
2025-04-04 04:00:00;114.0;0.0;114.0
2025-04-04 04:30:00;104.0;0.0;104.0
2025-04-04 05:00:00;126.0;0.0;126.0
2025-04-04 05:30:00;144.0;0.0;144.0
2025-04-04 06:00:00;694.0;0.0;694.0
2025-04-04 06:30:00;674.0;0.0;674.0
2025-04-04 07:00:00;186.0;0.0;186.0
2025-04-04 07:30:00;132.0;5.0;137.0
2025-04-04 08:00:00;106.0;35.0;141.0
2025-04-04 08:30:00;84.0;107.0;191.0
2025-04-04 09:00:00;104.0;193.0;297.0
2025-04-04 09:30:00;580.0;172.0;752.0
2025-04-04 10:00:00;530.0;314.5;844.5
2025-04-04 10:30:00;144.0;268.5;412.5
2025-04-04 11:00:00;4.0;559.5;563.5
2025-04-04 11:30:00;0.0;1248.5;0.0
2025-04-04 12:00:00;0.0;1605.5;0.0
2025-04-04 12:30:00;0.0;1698.0;0.0
2025-04-04 13:00:00;0.0;1576.5;0.0
2025-04-04 13:30:00;0.0;1364.5;0.0
2025-04-04 14:00:00;0.0;1867.0;0.0
2025-04-04 14:30:00;0.0;1808.5;0.0
2025-04-04 15:00:00;0.0;1759.0;0.0
2025-04-04 15:30:00;0.0;727.5;0.0
2025-04-04 16:00:00;0.0;454.0;0.0
2025-04-04 16:30:00;0.0;407.0;0.0
2025-04-04 17:00:00;0.0;489.5;0.0
2025-04-04 17:30:00;0.0;469.0;0.0
2025-04-04 18:00:00;0.0;233.5;0.0
2025-04-04 18:30:00;12.0;225.5;237.5
2025-04-04 19:00:00;0.0;153.5;0.0
2025-04-04 19:30:00;50.0;100.0;150.0
2025-04-04 20:00:00;116.0;51.5;167.5
2025-04-04 20:30:00;126.0;4.5;130.5
2025-04-04 21:00:00;172.0;0.0;172.0
2025-04-04 21:30:00;112.0;0.0;112.0
2025-04-04 22:00:00;168.0;0.0;168.0
2025-04-04 22:30:00;168.0;0.0;168.0
2025-04-04 23:00:00;426.0;0.0;426.0
2025-04-04 23:30:00;1758.0;0.0;1758.0
2025-04-05 00:00:00;416.0;0.0;416.0
2025-04-05 00:30:00;170.0;0.0;170.0
2025-04-05 01:00:00;134.0;0.0;134.0
2025-04-05 01:30:00;94.0;0.0;94.0
2025-04-05 02:00:00;160.0;0.0;160.0
2025-04-05 02:30:00;164.0;0.0;164.0
2025-04-05 03:00:00;196.0;0.0;196.0
2025-04-05 03:30:00;136.0;0.0;136.0
2025-04-05 04:00:00;156.0;0.0;156.0
2025-04-05 04:30:00;160.0;0.0;160.0
2025-04-05 05:00:00;108.0;0.0;108.0
2025-04-05 05:30:00;592.0;0.0;592.0
2025-04-05 06:00:00;778.0;0.0;778.0
2025-04-05 06:30:00;742.0;0.0;742.0
2025-04-05 07:00:00;316.0;0.0;316.0
2025-04-05 07:30:00;126.0;3.5;129.5
2025-04-05 08:00:00;196.0;27.0;223.0
2025-04-05 08:30:00;50.0;91.5;141.5
2025-04-05 09:00:00;154.0;178.5;332.5
2025-04-05 09:30:00;430.0;268.5;698.5
2025-04-05 10:00:00;262.0;398.0;660.0
2025-04-05 10:30:00;46.0;765.0;811.0
2025-04-05 11:00:00;0.0;621.0;0.0
2025-04-05 11:30:00;0.0;696.0;0.0
2025-04-05 12:00:00;0.0;1093.0;0.0
2025-04-05 12:30:00;0.0;1671.0;0.0
2025-04-05 13:00:00;0.0;1728.5;0.0
2025-04-05 13:30:00;0.0;1832.0;0.0
2025-04-05 14:00:00;0.0;1809.0;0.0
2025-04-05 14:30:00;0.0;1834.5;0.0
2025-04-05 15:00:00;0.0;1757.0;0.0
2025-04-05 15:30:00;0.0;1614.0;0.0
2025-04-05 16:00:00;0.0;1515.5;0.0
2025-04-05 16:30:00;0.0;1388.0;0.0
2025-04-05 17:00:00;0.0;922.0;0.0
2025-04-05 17:30:00;0.0;951.0;0.0
2025-04-05 18:00:00;0.0;737.5;0.0
2025-04-05 18:30:00;0.0;498.0;0.0
2025-04-05 19:00:00;0.0;289.5;0.0
2025-04-05 19:30:00;0.0;145.5;0.0
2025-04-05 20:00:00;102.0;56.0;158.0
2025-04-05 20:30:00;158.0;9.0;167.0
2025-04-05 21:00:00;120.0;0.0;120.0
2025-04-05 21:30:00;158.0;0.0;158.0
2025-04-05 22:00:00;152.0;0.0;152.0
2025-04-05 22:30:00;158.0;0.0;158.0
2025-04-05 23:00:00;186.0;0.0;186.0
2025-04-05 23:30:00;154.0;0.0;154.0
2025-04-06 00:00:00;454.0;0.0;454.0
2025-04-06 00:30:00;1784.0;0.0;1784.0
2025-04-06 01:00:00;142.0;0.0;142.0
2025-04-06 01:30:00;118.0;0.0;118.0
2025-04-06 02:00:00;126.0;0.0;126.0
2025-04-06 02:30:00;254.0;0.0;254.0
2025-04-06 03:00:00;92.0;0.0;92.0
2025-04-06 03:30:00;168.0;0.0;168.0
2025-04-06 04:00:00;160.0;0.0;160.0
2025-04-06 04:30:00;90.0;0.0;90.0
2025-04-06 05:00:00;170.0;0.0;170.0
2025-04-06 05:30:00;214.0;0.0;214.0
2025-04-06 06:00:00;804.0;0.0;804.0
2025-04-06 06:30:00;272.0;0.0;272.0
2025-04-06 07:00:00;134.0;0.0;134.0
2025-04-06 07:30:00;188.0;7.5;195.5
2025-04-06 08:00:00;242.0;49.5;291.5
2025-04-06 08:30:00;926.0;101.0;1027.0
2025-04-06 09:00:00;832.0;183.0;1015.0
2025-04-06 09:30:00;458.0;233.5;691.5
2025-04-06 10:00:00;84.0;265.0;349.0
2025-04-06 10:30:00;0.0;743.0;0.0
2025-04-06 11:00:00;0.0;1219.0;0.0
2025-04-06 11:30:00;0.0;1412.5;0.0
2025-04-06 12:00:00;0.0;1553.0;0.0
2025-04-06 12:30:00;0.0;1677.5;0.0
2025-04-06 13:00:00;0.0;1752.5;0.0
2025-04-06 13:30:00;0.0;1799.0;0.0
2025-04-06 14:00:00;0.0;1827.0;0.0
2025-04-06 14:30:00;0.0;1798.5;0.0
2025-04-06 15:00:00;0.0;1744.5;0.0
2025-04-06 15:30:00;0.0;1679.0;0.0
2025-04-06 16:00:00;0.0;1584.5;0.0
2025-04-06 16:30:00;0.0;1443.5;0.0
2025-04-06 17:00:00;0.0;1274.5;0.0
2025-04-06 17:30:00;0.0;1069.5;0.0
2025-04-06 18:00:00;0.0;852.5;0.0
2025-04-06 18:30:00;0.0;623.5;0.0
2025-04-06 19:00:00;0.0;381.5;0.0
2025-04-06 19:30:00;0.0;164.5;0.0
2025-04-06 20:00:00;616.0;55.0;671.0
2025-04-06 20:30:00;126.0;11.0;137.0
2025-04-06 21:00:00;232.0;0.0;232.0
2025-04-06 21:30:00;304.0;0.0;304.0
2025-04-06 22:00:00;404.0;0.0;404.0
2025-04-06 22:30:00;322.0;0.0;322.0
2025-04-06 23:00:00;364.0;0.0;364.0
2025-04-06 23:30:00;114.0;0.0;114.0
2025-04-07 00:00:00;204.0;0.0;204.0
2025-04-07 00:30:00;2078.0;0.0;2078.0
2025-04-07 01:00:00;122.0;0.0;122.0
2025-04-07 01:30:00;170.0;0.0;170.0
2025-04-07 02:00:00;94.0;0.0;94.0
2025-04-07 02:30:00;212.0;0.0;212.0
2025-04-07 03:00:00;206.0;0.0;206.0
2025-04-07 03:30:00;106.0;0.0;106.0
2025-04-07 04:00:00;178.0;0.0;178.0
2025-04-07 04:30:00;128.0;0.0;128.0
2025-04-07 05:00:00;146.0;0.0;146.0
2025-04-07 05:30:00;134.0;0.0;134.0
2025-04-07 06:00:00;210.0;0.0;210.0
2025-04-07 06:30:00;176.0;0.0;176.0
2025-04-07 07:00:00;70.0;0.0;70.0
2025-04-07 07:30:00;162.0;8.0;170.0
2025-04-07 08:00:00;170.0;39.5;209.5
2025-04-07 08:30:00;142.0;72.0;214.0
2025-04-07 09:00:00;224.0;142.5;366.5
2025-04-07 09:30:00;34.0;166.5;200.5
2025-04-07 10:00:00;1050.0;147.5;1197.5
2025-04-07 10:30:00;2082.0;749.5;2831.5
2025-04-07 11:00:00;46.0;1399.0;1445.0
2025-04-07 11:30:00;184.0;1575.5;1759.5
2025-04-07 12:00:00;216.0;1715.5;1931.5
2025-04-07 12:30:00;78.0;1827.5;1905.5
2025-04-07 13:00:00;294.0;1888.5;2182.5
2025-04-07 13:30:00;272.0;1933.0;2205.0
2025-04-07 14:00:00;6.0;1943.0;1949.0
2025-04-07 14:30:00;0.0;1923.5;0.0
2025-04-07 15:00:00;0.0;1863.0;0.0
2025-04-07 15:30:00;54.0;1786.5;1840.5
2025-04-07 16:00:00;208.0;1673.0;1881.0
2025-04-07 16:30:00;142.0;1531.5;1673.5
2025-04-07 17:00:00;0.0;1350.0;0.0
2025-04-07 17:30:00;0.0;1145.0;0.0
2025-04-07 18:00:00;0.0;912.0;0.0
2025-04-07 18:30:00;0.0;656.5;0.0
2025-04-07 19:00:00;0.0;393.5;0.0
2025-04-07 19:30:00;74.0;169.0;243.0
2025-04-07 20:00:00;548.0;56.0;604.0
2025-04-07 20:30:00;388.0;13.5;401.5
2025-04-07 21:00:00;218.0;0.0;218.0
2025-04-07 21:30:00;1506.0;0.0;1506.0
2025-04-07 22:00:00;1618.0;0.0;1618.0
2025-04-07 22:30:00;354.0;0.0;354.0
2025-04-07 23:00:00;332.0;0.0;332.0
2025-04-07 23:30:00;166.0;0.0;166.0
2025-04-08 00:00:00;184.0;0.0;184.0
2025-04-08 00:30:00;120.0;0.0;120.0
2025-04-08 01:00:00;198.0;0.0;198.0
2025-04-08 01:30:00;122.0;0.0;122.0
2025-04-08 02:00:00;144.0;0.0;144.0
2025-04-08 02:30:00;158.0;0.0;158.0
2025-04-08 03:00:00;202.0;0.0;202.0
2025-04-08 03:30:00;130.0;0.0;130.0
2025-04-08 04:00:00;98.0;0.0;98.0
2025-04-08 04:30:00;206.0;0.0;206.0
2025-04-08 05:00:00;100.0;0.0;100.0
2025-04-08 05:30:00;196.0;0.0;196.0
2025-04-08 06:00:00;168.0;0.0;168.0
2025-04-08 06:30:00;94.0;0.0;94.0
2025-04-08 07:00:00;166.0;0.0;166.0
2025-04-08 07:30:00;116.0;15.0;131.0
2025-04-08 08:00:00;134.0;55.0;189.0
2025-04-08 08:30:00;282.0;86.5;368.5
2025-04-08 09:00:00;66.0;165.0;231.0
2025-04-08 09:30:00;2.0;202.5;204.5
2025-04-08 10:00:00;28.0;172.0;200.0
2025-04-08 10:30:00;36.0;1185.5;1221.5
2025-04-08 11:00:00;50.0;1434.5;1484.5
2025-04-08 11:30:00;0.0;1590.5;0.0
2025-04-08 12:00:00;0.0;1711.5;0.0
2025-04-08 12:30:00;0.0;1811.0;0.0
2025-04-08 13:00:00;0.0;1840.0;0.0
2025-04-08 13:30:00;0.0;1927.5;0.0
2025-04-08 14:00:00;0.0;1917.5;0.0
2025-04-08 14:30:00;0.0;1872.0;0.0
2025-04-08 15:00:00;0.0;1772.0;0.0
2025-04-08 15:30:00;0.0;1742.0;0.0
2025-04-08 16:00:00;0.0;1486.5;0.0
2025-04-08 16:30:00;0.0;1375.5;0.0
2025-04-08 17:00:00;0.0;1200.5;0.0
2025-04-08 17:30:00;0.0;1013.0;0.0
2025-04-08 18:00:00;0.0;767.5;0.0
2025-04-08 18:30:00;0.0;555.0;0.0
2025-04-08 19:00:00;428.0;301.0;729.0
2025-04-08 19:30:00;1600.0;117.5;1717.5
2025-04-08 20:00:00;1598.0;38.0;1636.0
2025-04-08 20:30:00;242.0;4.0;246.0
2025-04-08 21:00:00;222.0;0.0;222.0
2025-04-08 21:30:00;332.0;0.0;332.0
2025-04-08 22:00:00;298.0;0.0;298.0
2025-04-08 22:30:00;432.0;0.0;432.0
2025-04-08 23:00:00;410.0;0.0;410.0
2025-04-08 23:30:00;342.0;0.0;342.0
2025-04-09 00:00:00;420.0;0.0;420.0
2025-04-09 00:30:00;110.0;0.0;110.0
2025-04-09 01:00:00;238.0;0.0;238.0
2025-04-09 01:30:00;190.0;0.0;190.0
2025-04-09 02:00:00;88.0;0.0;88.0
2025-04-09 02:30:00;176.0;0.0;176.0
2025-04-09 03:00:00;140.0;0.0;140.0
2025-04-09 03:30:00;132.0;0.0;132.0
2025-04-09 04:00:00;196.0;0.0;196.0
2025-04-09 04:30:00;172.0;0.0;172.0
2025-04-09 05:00:00;100.0;0.0;100.0
2025-04-09 05:30:00;134.0;0.0;134.0
2025-04-09 06:00:00;190.0;0.0;190.0
2025-04-09 06:30:00;92.0;0.0;92.0
2025-04-09 07:00:00;220.0;0.0;220.0
2025-04-09 07:30:00;294.0;13.5;307.5
2025-04-09 08:00:00;60.0;52.5;112.5
2025-04-09 08:30:00;406.0;101.0;507.0
2025-04-09 09:00:00;1234.0;168.5;1402.5
2025-04-09 09:30:00;1342.0;222.0;1564.0
2025-04-09 10:00:00;786.0;218.5;1004.5
2025-04-09 10:30:00;26.0;818.0;844.0
2025-04-09 11:00:00;0.0;1355.0;0.0
2025-04-09 11:30:00;0.0;1533.0;0.0
2025-04-09 12:00:00;0.0;1698.0;0.0
2025-04-09 12:30:00;0.0;1792.0;0.0
2025-04-09 13:00:00;32.0;1868.5;1900.5
2025-04-09 13:30:00;830.0;1892.5;2722.5
2025-04-09 14:00:00;386.0;1908.0;2294.0
2025-04-09 14:30:00;138.0;1884.0;2022.0
2025-04-09 15:00:00;144.0;1839.0;1983.0
2025-04-09 15:30:00;86.0;1774.5;1860.5
2025-04-09 16:00:00;0.0;1628.0;0.0
2025-04-09 16:30:00;0.0;1494.0;0.0
2025-04-09 17:00:00;0.0;1314.5;0.0
2025-04-09 17:30:00;0.0;1088.0;0.0
2025-04-09 18:00:00;0.0;853.0;0.0
2025-04-09 18:30:00;0.0;593.0;0.0
2025-04-09 19:00:00;0.0;348.0;0.0
2025-04-09 19:30:00;2.0;153.0;155.0
2025-04-09 20:00:00;156.0;53.5;209.5
2025-04-09 20:30:00;358.0;8.0;366.0
2025-04-09 21:00:00;1230.0;0.0;1230.0
2025-04-09 21:30:00;372.0;0.0;372.0
2025-04-09 22:00:00;492.0;0.0;492.0
2025-04-09 22:30:00;690.0;0.0;690.0
2025-04-09 23:00:00;410.0;0.0;410.0
2025-04-09 23:30:00;162.0;0.0;162.0
2025-04-10 00:00:00;356.0;0.0;356.0
2025-04-10 00:30:00;1456.0;0.0;1456.0
2025-04-10 01:00:00;96.0;0.0;96.0
2025-04-10 01:30:00;206.0;0.0;206.0
2025-04-10 02:00:00;196.0;0.0;196.0
2025-04-10 02:30:00;160.0;0.0;160.0
2025-04-10 03:00:00;150.0;0.0;150.0
2025-04-10 03:30:00;138.0;0.0;138.0
2025-04-10 04:00:00;154.0;0.0;154.0
2025-04-10 04:30:00;156.0;0.0;156.0
2025-04-10 05:00:00;248.0;0.0;248.0
2025-04-10 05:30:00;112.0;0.0;112.0
2025-04-10 06:00:00;150.0;0.0;150.0
2025-04-10 06:30:00;166.0;0.0;166.0
2025-04-10 07:00:00;108.0;0.0;108.0
2025-04-10 07:30:00;198.0;14.0;212.0
2025-04-10 08:00:00;290.0;54.0;344.0
2025-04-10 08:30:00;140.0;99.5;239.5
2025-04-10 09:00:00;98.0;165.5;263.5
2025-04-10 09:30:00;0.0;241.5;0.0
2025-04-10 10:00:00;168.0;246.5;414.5
2025-04-10 10:30:00;1214.0;841.5;2055.5
2025-04-10 11:00:00;458.0;1364.0;1822.0
2025-04-10 11:30:00;52.0;1545.0;1597.0
2025-04-10 12:00:00;14.0;1689.5;1703.5
2025-04-10 12:30:00;0.0;1802.5;0.0
2025-04-10 13:00:00;0.0;1870.5;0.0
2025-04-10 13:30:00;0.0;1921.5;0.0
2025-04-10 14:00:00;0.0;1927.0;0.0
2025-04-10 14:30:00;0.0;1889.5;0.0
2025-04-10 15:00:00;0.0;1826.0;0.0
2025-04-10 15:30:00;0.0;1759.0;0.0
2025-04-10 16:00:00;0.0;1628.5;0.0
2025-04-10 16:30:00;0.0;1494.5;0.0
2025-04-10 17:00:00;0.0;1313.0;0.0
2025-04-10 17:30:00;0.0;1106.0;0.0
2025-04-10 18:00:00;0.0;877.5;0.0
2025-04-10 18:30:00;716.0;623.5;1339.5
2025-04-10 19:00:00;712.0;355.5;1067.5
2025-04-10 19:30:00;64.0;154.5;218.5
2025-04-10 20:00:00;108.0;57.0;165.0
2025-04-10 20:30:00;134.0;15.0;149.0
2025-04-10 21:00:00;358.0;0.0;358.0
2025-04-10 21:30:00;226.0;0.0;226.0
2025-04-10 22:00:00;380.0;0.0;380.0
2025-04-10 22:30:00;292.0;0.0;292.0
2025-04-10 23:00:00;342.0;0.0;342.0
2025-04-10 23:30:00;444.0;0.0;444.0
2025-04-11 00:00:00;390.0;0.0;390.0
2025-04-11 00:30:00;148.0;0.0;148.0
2025-04-11 01:00:00;112.0;0.0;112.0
2025-04-11 01:30:00;186.0;0.0;186.0
2025-04-11 02:00:00;192.0;0.0;192.0
2025-04-11 02:30:00;132.0;0.0;132.0
2025-04-11 03:00:00;178.0;0.0;178.0
2025-04-11 03:30:00;132.0;0.0;132.0
2025-04-11 04:00:00;140.0;0.0;140.0
2025-04-11 04:30:00;122.0;0.0;122.0
2025-04-11 05:00:00;218.0;0.0;218.0
2025-04-11 05:30:00;146.0;0.0;146.0
2025-04-11 06:00:00;94.0;0.0;94.0
2025-04-11 06:30:00;192.0;0.0;192.0
2025-04-11 07:00:00;76.0;0.0;76.0
2025-04-11 07:30:00;146.0;18.0;164.0
2025-04-11 08:00:00;348.0;50.5;398.5
2025-04-11 08:30:00;32.0;88.0;120.0
2025-04-11 09:00:00;150.0;160.0;310.0
2025-04-11 09:30:00;18.0;291.0;309.0
2025-04-11 10:00:00;2.0;366.0;368.0
2025-04-11 10:30:00;12.0;757.0;769.0
2025-04-11 11:00:00;0.0;1301.0;0.0
2025-04-11 11:30:00;0.0;1577.0;0.0
2025-04-11 12:00:00;78.0;1310.5;1388.5
2025-04-11 12:30:00;1634.0;1822.0;3456.0
2025-04-11 13:00:00;382.0;1872.5;2254.5
2025-04-11 13:30:00;0.0;1895.0;0.0
2025-04-11 14:00:00;0.0;1874.5;0.0
2025-04-11 14:30:00;138.0;1853.0;1991.0
2025-04-11 15:00:00;0.0;1782.0;0.0
2025-04-11 15:30:00;14.0;1700.0;1714.0
2025-04-11 16:00:00;118.0;1597.0;1715.0
2025-04-11 16:30:00;0.0;1450.5;0.0
2025-04-11 17:00:00;0.0;1274.5;0.0
2025-04-11 17:30:00;0.0;1063.5;0.0
2025-04-11 18:00:00;0.0;851.5;0.0
2025-04-11 18:30:00;0.0;612.0;0.0
2025-04-11 19:00:00;0.0;370.5;0.0
2025-04-11 19:30:00;34.0;171.0;205.0
2025-04-11 20:00:00;1096.0;65.5;1161.5
2025-04-11 20:30:00;588.0;20.0;608.0
2025-04-11 21:00:00;220.0;0.0;220.0
2025-04-11 21:30:00;326.0;0.0;326.0
2025-04-11 22:00:00;376.0;0.0;376.0
2025-04-11 22:30:00;432.0;0.0;432.0
2025-04-11 23:00:00;410.0;0.0;410.0
2025-04-11 23:30:00;350.0;0.0;350.0
2025-04-12 00:00:00;294.0;0.0;294.0
2025-04-12 00:30:00;958.0;0.0;958.0
2025-04-12 01:00:00;190.0;0.0;190.0
2025-04-12 01:30:00;224.0;0.0;224.0
2025-04-12 02:00:00;128.0;0.0;128.0
2025-04-12 02:30:00;182.0;0.0;182.0
2025-04-12 03:00:00;150.0;0.0;150.0
2025-04-12 03:30:00;122.0;0.0;122.0
2025-04-12 04:00:00;210.0;0.0;210.0
2025-04-12 04:30:00;212.0;0.0;212.0
2025-04-12 05:00:00;152.0;0.0;152.0
2025-04-12 05:30:00;130.0;0.0;130.0
2025-04-12 06:00:00;136.0;0.0;136.0
2025-04-12 06:30:00;180.0;0.0;180.0
2025-04-12 07:00:00;182.0;0.0;182.0
2025-04-12 07:30:00;148.0;11.5;159.5
2025-04-12 08:00:00;270.0;44.0;314.0
2025-04-12 08:30:00;148.0;79.5;227.5
2025-04-12 09:00:00;70.0;208.5;278.5
2025-04-12 09:30:00;14.0;215.0;229.0
2025-04-12 10:00:00;64.0;528.0;592.0
2025-04-12 10:30:00;736.0;723.0;1459.0
2025-04-12 11:00:00;444.0;585.0;1029.0
2025-04-12 11:30:00;0.0;841.5;0.0
2025-04-12 12:00:00;0.0;1142.5;0.0
2025-04-12 12:30:00;104.0;904.5;1008.5
2025-04-12 13:00:00;826.0;843.0;1669.0
2025-04-12 13:30:00;370.0;933.5;1303.5
2025-04-12 14:00:00;0.0;606.0;0.0
2025-04-12 14:30:00;172.0;468.0;640.0
2025-04-12 15:00:00;120.0;707.5;827.5
2025-04-12 15:30:00;0.0;1251.0;0.0
2025-04-12 16:00:00;0.0;1236.0;0.0
2025-04-12 16:30:00;0.0;896.5;0.0
2025-04-12 17:00:00;0.0;1153.5;0.0
2025-04-12 17:30:00;0.0;561.5;0.0
2025-04-12 18:00:00;0.0;1072.5;0.0
2025-04-12 18:30:00;0.0;658.0;0.0
2025-04-12 19:00:00;0.0;581.5;0.0
2025-04-12 19:30:00;10.0;172.0;182.0
2025-04-12 20:00:00;1548.0;56.0;1604.0
2025-04-12 20:30:00;774.0;4.0;778.0
2025-04-12 21:00:00;1712.0;0.0;1712.0
2025-04-12 21:30:00;908.0;0.0;908.0
2025-04-12 22:00:00;222.0;0.0;222.0
2025-04-12 22:30:00;288.0;0.0;288.0
2025-04-12 23:00:00;430.0;0.0;430.0
2025-04-12 23:30:00;374.0;0.0;374.0
2025-04-13 00:00:00;402.0;0.0;402.0
2025-04-13 00:30:00;350.0;0.0;350.0
2025-04-13 01:00:00;348.0;0.0;348.0
2025-04-13 01:30:00;216.0;0.0;216.0
2025-04-13 02:00:00;134.0;0.0;134.0
2025-04-13 02:30:00;132.0;0.0;132.0
2025-04-13 03:00:00;218.0;0.0;218.0
2025-04-13 03:30:00;100.0;0.0;100.0
2025-04-13 04:00:00;200.0;0.0;200.0
2025-04-13 04:30:00;206.0;0.0;206.0
2025-04-13 05:00:00;152.0;0.0;152.0
2025-04-13 05:30:00;166.0;0.0;166.0
2025-04-13 06:00:00;108.0;0.0;108.0
2025-04-13 06:30:00;148.0;0.0;148.0
2025-04-13 07:00:00;248.0;0.0;248.0
2025-04-13 07:30:00;130.0;12.5;142.5
2025-04-13 08:00:00;618.0;53.5;671.5
2025-04-13 08:30:00;86.0;143.0;229.0
2025-04-13 09:00:00;204.0;240.0;444.0
2025-04-13 09:30:00;14.0;352.0;366.0
2025-04-13 10:00:00;458.0;498.5;956.5
2025-04-13 10:30:00;1862.0;604.0;2466.0
2025-04-13 11:00:00;552.0;688.0;1240.0
2025-04-13 11:30:00;198.0;1652.5;1850.5
2025-04-13 12:00:00;222.0;1440.0;1662.0
2025-04-13 12:30:00;246.0;611.0;857.0
2025-04-13 13:00:00;1238.0;384.0;1622.0
2025-04-13 13:30:00;1816.0;1527.0;3343.0
2025-04-13 14:00:00;210.0;805.0;1015.0
2025-04-13 14:30:00;48.0;464.0;512.0
2025-04-13 15:00:00;100.0;1864.0;1964.0
2025-04-13 15:30:00;0.0;717.5;0.0
2025-04-13 16:00:00;572.0;550.5;1122.5
2025-04-13 16:30:00;1144.0;788.0;1932.0
2025-04-13 17:00:00;78.0;550.0;628.0
2025-04-13 17:30:00;366.0;1381.0;1747.0
2025-04-13 18:00:00;0.0;370.5;0.0
2025-04-13 18:30:00;206.0;303.0;509.0
2025-04-13 19:00:00;4.0;154.0;158.0
2025-04-13 19:30:00;98.0;74.5;172.5
2025-04-13 20:00:00;1212.0;42.0;1254.0
2025-04-13 20:30:00;920.0;16.0;936.0
2025-04-13 21:00:00;424.0;0.0;424.0
2025-04-13 21:30:00;268.0;0.0;268.0
2025-04-13 22:00:00;380.0;0.0;380.0
2025-04-13 22:30:00;382.0;0.0;382.0
2025-04-13 23:00:00;338.0;0.0;338.0
2025-04-13 23:30:00;338.0;0.0;338.0
2025-04-14 00:00:00;378.0;0.0;378.0
2025-04-14 00:30:00;1880.0;0.0;1880.0
2025-04-14 01:00:00;198.0;0.0;198.0
2025-04-14 01:30:00;102.0;0.0;102.0
2025-04-14 02:00:00;172.0;0.0;172.0
2025-04-14 02:30:00;190.0;0.0;190.0
2025-04-14 03:00:00;172.0;0.0;172.0
2025-04-14 03:30:00;116.0;0.0;116.0
2025-04-14 04:00:00;128.0;0.0;128.0
2025-04-14 04:30:00;196.0;0.0;196.0
2025-04-14 05:00:00;400.0;0.0;400.0
2025-04-14 05:30:00;1416.0;0.0;1416.0
2025-04-14 06:00:00;1246.0;0.0;1246.0
2025-04-14 06:30:00;342.0;0.0;342.0
2025-04-14 07:00:00;206.0;0.0;206.0
2025-04-14 07:30:00;458.0;29.0;487.0
2025-04-14 08:00:00;436.0;90.0;526.0
2025-04-14 08:30:00;1254.0;131.0;1385.0
2025-04-14 09:00:00;1004.0;187.0;1191.0
2025-04-14 09:30:00;1238.0;332.0;1570.0
2025-04-14 10:00:00;166.0;546.0;712.0
2025-04-14 10:30:00;52.0;574.0;626.0
2025-04-14 11:00:00;40.0;848.5;888.5
2025-04-14 11:30:00;0.0;715.0;0.0
2025-04-14 12:00:00;144.0;1038.5;1182.5
2025-04-14 12:30:00;1684.0;556.5;2240.5
2025-04-14 13:00:00;558.0;331.0;889.0
2025-04-14 13:30:00;0.0;453.5;0.0
2025-04-14 14:00:00;86.0;356.0;442.0
2025-04-14 14:30:00;960.0;661.5;1621.5
2025-04-14 15:00:00;802.0;384.5;1186.5
2025-04-14 15:30:00;4.0;1126.0;1130.0
2025-04-14 16:00:00;0.0;578.5;0.0
2025-04-14 16:30:00;0.0;285.5;0.0
2025-04-14 17:00:00;8.0;307.5;315.5
2025-04-14 17:30:00;10.0;576.0;586.0
2025-04-14 18:00:00;0.0;334.5;0.0
2025-04-14 18:30:00;8.0;127.0;135.0
2025-04-14 19:00:00;956.0;198.0;1154.0
2025-04-14 19:30:00;1052.0;242.0;1294.0
2025-04-14 20:00:00;958.0;66.5;1024.5
2025-04-14 20:30:00;444.0;11.5;455.5
2025-04-14 21:00:00;116.0;0.0;116.0
2025-04-14 21:30:00;332.0;0.0;332.0
2025-04-14 22:00:00;322.0;0.0;322.0
2025-04-14 22:30:00;384.0;0.0;384.0
2025-04-14 23:00:00;420.0;0.0;420.0
2025-04-14 23:30:00;226.0;0.0;226.0
2025-04-15 00:00:00;320.0;0.0;320.0
2025-04-15 00:30:00;1522.0;0.0;1522.0
2025-04-15 01:00:00;134.0;0.0;134.0
2025-04-15 01:30:00;120.0;0.0;120.0
2025-04-15 02:00:00;182.0;0.0;182.0
2025-04-15 02:30:00;216.0;0.0;216.0
2025-04-15 03:00:00;114.0;0.0;114.0
2025-04-15 03:30:00;124.0;0.0;124.0
2025-04-15 04:00:00;220.0;0.0;220.0
2025-04-15 04:30:00;806.0;0.0;806.0
2025-04-15 05:00:00;1082.0;0.0;1082.0
2025-04-15 05:30:00;1128.0;0.0;1128.0
2025-04-15 06:00:00;656.0;0.0;656.0
2025-04-15 06:30:00;172.0;0.0;172.0
2025-04-15 07:00:00;154.0;0.0;154.0
2025-04-15 07:30:00;340.0;8.5;348.5
2025-04-15 08:00:00;304.0;35.0;339.0
2025-04-15 08:30:00;56.0;133.5;189.5
2025-04-15 09:00:00;186.0;130.0;316.0
2025-04-15 09:30:00;504.0;140.5;644.5
2025-04-15 10:00:00;4.0;237.0;241.0
2025-04-15 10:30:00;24.0;188.5;212.5
2025-04-15 11:00:00;46.0;224.0;270.0
2025-04-15 11:30:00;18.0;469.0;487.0
2025-04-15 12:00:00;22.0;477.0;499.0
2025-04-15 12:30:00;122.0;1720.5;1842.5
2025-04-15 13:00:00;4.0;590.0;594.0
2025-04-15 13:30:00;0.0;743.5;0.0
2025-04-15 14:00:00;0.0;698.5;0.0
2025-04-15 14:30:00;0.0;1616.5;0.0
2025-04-15 15:00:00;0.0;346.0;0.0
2025-04-15 15:30:00;8.0;313.0;321.0
2025-04-15 16:00:00;0.0;433.5;0.0
2025-04-15 16:30:00;0.0;421.5;0.0
2025-04-15 17:00:00;0.0;284.0;0.0
2025-04-15 17:30:00;0.0;341.5;0.0
2025-04-15 18:00:00;0.0;722.0;0.0
2025-04-15 18:30:00;0.0;281.0;0.0
2025-04-15 19:00:00;14.0;457.5;471.5
2025-04-15 19:30:00;10.0;177.5;187.5
2025-04-15 20:00:00;62.0;108.0;170.0
2025-04-15 20:30:00;2392.0;31.5;2423.5
2025-04-15 21:00:00;460.0;0.0;460.0
2025-04-15 21:30:00;118.0;0.0;118.0
2025-04-15 22:00:00;322.0;0.0;322.0
2025-04-15 22:30:00;242.0;0.0;242.0
2025-04-15 23:00:00;266.0;0.0;266.0
2025-04-15 23:30:00;406.0;0.0;406.0
